,match_number,match_team1,match_team2,match_team1_goals,match_team2_goals,match_time,match_nature
0,16990,Montenegro,Israel,1,3,05 Jun 2021,Friendly International
0,16989,Sweden,Armenia,3,1,05 Jun 2021,Friendly International
0,16988,Wales,Albania,0,0,05 Jun 2021,Friendly International
0,16987,Russia,Bulgaria,1,0,05 Jun 2021,Friendly International
0,16986,Slovenia,Gibraltar,6,0,04 Jun 2021,Friendly International
0,16985,Faroe Islands,Iceland,0,1,04 Jun 2021,Friendly International
0,16984,Italy,Czech Republic,4,0,04 Jun 2021,Friendly International
0,16983,Hungary,Cyprus,1,0,04 Jun 2021,Friendly International
0,16982,Spain,Portugal,0,0,04 Jun 2021,Friendly International
0,16981,Latvia,Lithuania,3,1,04 Jun 2021,Baltic Cup 2021
0,16980,North Macedonia,Kazakhstan,4,0,04 Jun 2021,Friendly International
0,16979,Finland,Estonia,0,1,04 Jun 2021,Friendly International
0,16978,Malta,Kosovo,1,2,04 Jun 2021,Friendly International
0,16977,Belgium,Greece,1,1,03 Jun 2021,Friendly International
0,16976,Ukraine,Northern Ireland,1,0,03 Jun 2021,Friendly International
0,16975,Turkey,Moldova,2,0,03 Jun 2021,Friendly International
0,16974,Andorra,Rep. of Ireland,1,4,03 Jun 2021,Friendly International
0,16973,Switzerland,Liechtenstein,7,0,03 Jun 2021,Friendly International
0,16972,France,Wales,3,0,02 Jun 2021,Friendly International
0,16971,Germany,Denmark,1,1,02 Jun 2021,Friendly International
0,16970,England,Austria,1,0,02 Jun 2021,Friendly International
0,16969,Netherlands,Scotland,2,2,02 Jun 2021,Friendly International
0,16968,Romania,Georgia,1,2,02 Jun 2021,Friendly International
0,16967,Norway,Luxembourg,1,0,02 Jun 2021,Friendly International
0,16966,Belarus,Azerbaijan,1,2,02 Jun 2021,Friendly International
0,16965,Bosnia & Herzegovina,Montenegro,0,0,02 Jun 2021,Friendly International
0,16964,Poland,Russia,1,1,01 Jun 2021,Friendly International
0,16963,Lithuania,Estonia,0,1,01 Jun 2021,Baltic Cup 2021
0,16962,Croatia,Armenia,1,1,01 Jun 2021,Friendly International
0,16961,Bulgaria,Slovakia,1,1,01 Jun 2021,Friendly International
0,16960,North Macedonia,Slovenia,1,1,01 Jun 2021,Friendly International
0,16959,Kosovo,San Marino,4,1,01 Jun 2021,Friendly International
0,16958,Turkey,Guinea,0,0,31 May 2021,Friendly International
0,16957,Switzerland,United States,2,1,30 May 2021,Friendly International
0,16956,Malta,Northern Ireland,0,3,30 May 2021,Friendly International
0,16955,Mexico,Iceland,2,1,29 May 2021,Friendly International
0,16954,Sweden,Finland,2,0,29 May 2021,Friendly International
0,16953,Italy,San Marino,7,0,28 May 2021,Friendly International
0,16952,Turkey,Azerbaijan,2,1,27 May 2021,Friendly International
0,16951,Ukraine,Bahrain,1,1,23 May 2021,Friendly International
0,16950,Greece,Georgia,1,1,31 Mar 2021,"2022 FIFA World Cup Qualification, Group B"
0,16949,Spain,Kosovo,3,1,31 Mar 2021,"2022 FIFA World Cup Qualification, Group B"
0,16948,Northern Ireland,Bulgaria,0,0,31 Mar 2021,"2022 FIFA World Cup Qualification, Group C"
0,16947,Scotland,Faroe Islands,4,0,31 Mar 2021,"2022 FIFA World Cup Qualification, Group F"
0,16946,Austria,Denmark,0,4,31 Mar 2021,"2022 FIFA World Cup Qualification, Group F"
0,16945,England,Poland,2,1,31 Mar 2021,"2022 FIFA World Cup Qualification, Group I"
0,16944,Germany,North Macedonia,1,2,31 Mar 2021,"2022 FIFA World Cup Qualification, Group J"
0,16943,Lithuania,Italy,0,2,31 Mar 2021,"2022 FIFA World Cup Qualification, Group C"
0,16942,Ukraine,Kazakhstan,1,1,31 Mar 2021,"2022 FIFA World Cup Qualification, Group D"
0,16941,Bosnia & Herzegovina,France,0,1,31 Mar 2021,"2022 FIFA World Cup Qualification, Group D"
0,16940,Moldova,Israel,1,4,31 Mar 2021,"2022 FIFA World Cup Qualification, Group F"
0,16939,Andorra,Hungary,1,4,31 Mar 2021,"2022 FIFA World Cup Qualification, Group I"
0,16938,San Marino,Albania,0,2,31 Mar 2021,"2022 FIFA World Cup Qualification, Group I"
0,16937,Liechtenstein,Iceland,1,4,31 Mar 2021,"2022 FIFA World Cup Qualification, Group J"
0,16936,Switzerland,Finland,3,2,31 Mar 2021,Friendly International
0,16935,Armenia,Romania,3,2,31 Mar 2021,"2022 FIFA World Cup Qualification, Group J"
0,16934,Sweden,Estonia,1,0,31 Mar 2021,Friendly International
0,16933,Qatar,Rep. of Ireland,1,1,30 Mar 2021,Friendly International
0,16932,Luxembourg,Portugal,1,3,30 Mar 2021,"2022 FIFA World Cup Qualification, Group A"
0,16931,Belgium,Belarus,8,0,30 Mar 2021,"2022 FIFA World Cup Qualification, Group E"
0,16930,Wales,Czech Republic,1,0,30 Mar 2021,"2022 FIFA World Cup Qualification, Group E"
0,16929,Turkey,Latvia,3,3,30 Mar 2021,"2022 FIFA World Cup Qualification, Group G"
0,16928,Montenegro,Norway,0,1,30 Mar 2021,"2022 FIFA World Cup Qualification, Group G"
0,16927,Gibraltar,Netherlands,0,7,30 Mar 2021,"2022 FIFA World Cup Qualification, Group G"
0,16926,Croatia,Malta,3,0,30 Mar 2021,"2022 FIFA World Cup Qualification, Group H"
0,16925,Slovakia,Russia,2,1,30 Mar 2021,"2022 FIFA World Cup Qualification, Group H"
0,16924,Cyprus,Slovenia,1,0,30 Mar 2021,"2022 FIFA World Cup Qualification, Group H"
0,16923,Azerbaijan,Serbia,1,2,30 Mar 2021,"2022 FIFA World Cup Qualification, Group A"
0,16922,Bulgaria,Italy,0,2,28 Mar 2021,"2022 FIFA World Cup Qualification, Group C"
0,16921,Ukraine,Finland,1,1,28 Mar 2021,"2022 FIFA World Cup Qualification, Group D"
0,16920,Israel,Scotland,1,1,28 Mar 2021,"2022 FIFA World Cup Qualification, Group F"
0,16919,Austria,Faroe Islands,3,1,28 Mar 2021,"2022 FIFA World Cup Qualification, Group F"
0,16918,Romania,Germany,0,1,28 Mar 2021,"2022 FIFA World Cup Qualification, Group J"
0,16917,Kosovo,Sweden,0,3,28 Mar 2021,"2022 FIFA World Cup Qualification, Group B"
0,16916,Switzerland,Lithuania,1,0,28 Mar 2021,"2022 FIFA World Cup Qualification, Group C"
0,16915,Poland,Andorra,3,0,28 Mar 2021,"2022 FIFA World Cup Qualification, Group I"
0,16914,San Marino,Hungary,0,3,28 Mar 2021,"2022 FIFA World Cup Qualification, Group I"
0,16913,North Macedonia,Liechtenstein,5,0,28 Mar 2021,"2022 FIFA World Cup Qualification, Group J"
0,16912,Northern Ireland,United States,1,2,28 Mar 2021,Friendly International
0,16911,Georgia,Spain,1,2,28 Mar 2021,"2022 FIFA World Cup Qualification, Group B"
0,16910,Denmark,Moldova,8,0,28 Mar 2021,"2022 FIFA World Cup Qualification, Group F"
0,16909,Albania,England,0,2,28 Mar 2021,"2022 FIFA World Cup Qualification, Group I"
0,16908,Armenia,Iceland,2,0,28 Mar 2021,"2022 FIFA World Cup Qualification, Group J"
0,16907,Greece,Honduras,2,1,28 Mar 2021,Friendly International
0,16906,Kazakhstan,France,0,2,28 Mar 2021,"2022 FIFA World Cup Qualification, Group D"
0,16905,Wales,Mexico,1,0,27 Mar 2021,Friendly International
0,16904,Serbia,Portugal,2,2,27 Mar 2021,"2022 FIFA World Cup Qualification, Group A"
0,16903,Rep. of Ireland,Luxembourg,0,1,27 Mar 2021,"2022 FIFA World Cup Qualification, Group A"
0,16902,Czech Republic,Belgium,1,1,27 Mar 2021,"2022 FIFA World Cup Qualification, Group E"
0,16901,Slovakia,Malta,2,2,27 Mar 2021,"2022 FIFA World Cup Qualification, Group H"
0,16900,Belarus,Estonia,4,2,27 Mar 2021,"2022 FIFA World Cup Qualification, Group E"
0,16899,Netherlands,Latvia,2,0,27 Mar 2021,"2022 FIFA World Cup Qualification, Group G"
0,16898,Norway,Turkey,0,3,27 Mar 2021,"2022 FIFA World Cup Qualification, Group G"
0,16897,Croatia,Cyprus,1,0,27 Mar 2021,"2022 FIFA World Cup Qualification, Group H"
0,16896,Qatar,Azerbaijan,2,1,27 Mar 2021,Friendly International
0,16895,Bosnia & Herzegovina,Costa Rica,0,0,27 Mar 2021,Friendly International
0,16894,Montenegro,Gibraltar,4,1,27 Mar 2021,"2022 FIFA World Cup Qualification, Group G"
0,16893,Russia,Slovenia,2,1,27 Mar 2021,"2022 FIFA World Cup Qualification, Group H"
0,16892,Sweden,Georgia,1,0,25 Mar 2021,"2022 FIFA World Cup Qualification, Group B"
0,16891,Spain,Greece,1,1,25 Mar 2021,"2022 FIFA World Cup Qualification, Group B"
0,16890,Italy,Northern Ireland,2,0,25 Mar 2021,"2022 FIFA World Cup Qualification, Group C"
0,16889,Scotland,Austria,2,2,25 Mar 2021,"2022 FIFA World Cup Qualification, Group F"
0,16888,England,San Marino,5,0,25 Mar 2021,"2022 FIFA World Cup Qualification, Group I"
0,16887,Germany,Iceland,3,0,25 Mar 2021,"2022 FIFA World Cup Qualification, Group J"
0,16886,Moldova,Faroe Islands,1,1,25 Mar 2021,"2022 FIFA World Cup Qualification, Group F"
0,16885,Andorra,Albania,0,1,25 Mar 2021,"2022 FIFA World Cup Qualification, Group I"
0,16884,Hungary,Poland,3,3,25 Mar 2021,"2022 FIFA World Cup Qualification, Group I"
0,16883,Romania,North Macedonia,3,2,25 Mar 2021,"2022 FIFA World Cup Qualification, Group J"
0,16882,Liechtenstein,Armenia,0,1,25 Mar 2021,"2022 FIFA World Cup Qualification, Group J"
0,16881,Bulgaria,Switzerland,1,3,25 Mar 2021,"2022 FIFA World Cup Qualification, Group C"
0,16880,Israel,Denmark,0,2,25 Mar 2021,"2022 FIFA World Cup Qualification, Group F"
0,16879,Gibraltar,Norway,0,3,24 Mar 2021,"2022 FIFA World Cup Qualification, Group G"
0,16878,Serbia,Rep. of Ireland,3,2,24 Mar 2021,"2022 FIFA World Cup Qualification, Group A"
0,16877,Portugal,Azerbaijan,1,0,24 Mar 2021,"2022 FIFA World Cup Qualification, Group A"
0,16876,Latvia,Montenegro,1,2,24 Mar 2021,"2022 FIFA World Cup Qualification, Group G"
0,16875,France,Ukraine,1,1,24 Mar 2021,"2022 FIFA World Cup Qualification, Group D"
0,16874,Estonia,Czech Republic,2,6,24 Mar 2021,"2022 FIFA World Cup Qualification, Group E"
0,16873,Finland,Bosnia & Herzegovina,2,2,24 Mar 2021,"2022 FIFA World Cup Qualification, Group D"
0,16872,Belgium,Wales,3,1,24 Mar 2021,"2022 FIFA World Cup Qualification, Group E"
0,16871,Malta,Russia,1,3,24 Mar 2021,"2022 FIFA World Cup Qualification, Group H"
0,16870,Cyprus,Slovakia,0,0,24 Mar 2021,"2022 FIFA World Cup Qualification, Group H"
0,16869,Slovenia,Croatia,1,0,24 Mar 2021,"2022 FIFA World Cup Qualification, Group H"
0,16868,Kosovo,Lithuania,4,0,24 Mar 2021,Friendly International
0,16867,Qatar,Luxembourg,1,0,24 Mar 2021,Friendly International
0,16866,Belarus,Honduras,1,1,24 Mar 2021,Friendly International
0,16865,Turkey,Netherlands,4,2,24 Mar 2021,"2022 FIFA World Cup Qualification, Group G"
0,16864,Panama,Serbia,0,0,28 Jan 2021,Friendly International
0,16863,Dominican Republic,Serbia,0,0,25 Jan 2021,Friendly International
0,16862,Belgium,Denmark,4,2,18 Nov 2020,"2020-21 UEFA Nations League, Group A2"
0,16861,England,Iceland,4,0,18 Nov 2020,"2020-21 UEFA Nations League, Group A2"
0,16860,Bosnia & Herzegovina,Italy,0,2,18 Nov 2020,"2020-21 UEFA Nations League, Group A1"
0,16859,Poland,Netherlands,1,2,18 Nov 2020,"2020-21 UEFA Nations League, Group A1"
0,16858,Austria,Norway,1,1,18 Nov 2020,"2020-21 UEFA Nations League, Group B1"
0,16857,Northern Ireland,Romania,1,1,18 Nov 2020,"2020-21 UEFA Nations League, Group B1"
0,16856,Czech Republic,Slovakia,2,0,18 Nov 2020,"2020-21 UEFA Nations League, Group B2"
0,16855,Rep. of Ireland,Bulgaria,0,0,18 Nov 2020,"2020-21 UEFA Nations League, Group B4"
0,16854,Wales,Finland,3,1,18 Nov 2020,"2020-21 UEFA Nations League, Group B4"
0,16853,Greece,Slovenia,0,0,18 Nov 2020,"2020-21 UEFA Nations League, Group C3"
0,16852,Kosovo,Moldova,1,0,18 Nov 2020,"2020-21 UEFA Nations League, Group C3"
0,16851,Israel,Scotland,1,0,18 Nov 2020,"2020-21 UEFA Nations League, Group B2"
0,16850,Hungary,Turkey,2,0,18 Nov 2020,"2020-21 UEFA Nations League, Group B3"
0,16849,Serbia,Russia,5,0,18 Nov 2020,"2020-21 UEFA Nations League, Group B3"
0,16848,Armenia,North Macedonia,1,0,18 Nov 2020,"2020-21 UEFA Nations League, Group C2"
0,16847,Georgia,Estonia,0,0,18 Nov 2020,"2020-21 UEFA Nations League, Group C2"
0,16846,Albania,Belarus,3,2,18 Nov 2020,"2020-21 UEFA Nations League, Group C4"
0,16845,Kazakhstan,Lithuania,1,2,18 Nov 2020,"2020-21 UEFA Nations League, Group C4"
0,16844,Malta,Faroe Islands,1,1,17 Nov 2020,"2020-21 UEFA Nations League, Group D1"
0,16843,Andorra,Latvia,0,5,17 Nov 2020,"2020-21 UEFA Nations League, Group D1"
0,16842,Croatia,Portugal,2,3,17 Nov 2020,"2020-21 UEFA Nations League, Group A3"
0,16841,France,Sweden,4,2,17 Nov 2020,"2020-21 UEFA Nations League, Group A3"
0,16840,Luxembourg,Azerbaijan,0,0,17 Nov 2020,"2020-21 UEFA Nations League, Group C1"
0,16839,Montenegro,Cyprus,4,0,17 Nov 2020,"2020-21 UEFA Nations League, Group C1"
0,16838,Spain,Germany,6,0,17 Nov 2020,"2020-21 UEFA Nations League, Group A4"
0,16837,Gibraltar,Liechtenstein,1,1,17 Nov 2020,"2020-21 UEFA Nations League, Group D2"
0,16836,Belgium,England,2,0,15 Nov 2020,"2020-21 UEFA Nations League, Group A2"
0,16835,Denmark,Iceland,2,1,15 Nov 2020,"2020-21 UEFA Nations League, Group A2"
0,16834,Moldova,Greece,0,2,15 Nov 2020,"2020-21 UEFA Nations League, Group C3"
0,16833,Slovenia,Kosovo,2,1,15 Nov 2020,"2020-21 UEFA Nations League, Group C3"
0,16832,Czech Republic,Israel,1,0,15 Nov 2020,"2020-21 UEFA Nations League, Group B2"
0,16831,Italy,Poland,2,0,15 Nov 2020,"2020-21 UEFA Nations League, Group A1"
0,16830,Austria,Northern Ireland,2,1,15 Nov 2020,"2020-21 UEFA Nations League, Group B1"
0,16829,Hungary,Serbia,1,1,15 Nov 2020,"2020-21 UEFA Nations League, Group B3"
0,16828,Belarus,Lithuania,2,0,15 Nov 2020,"2020-21 UEFA Nations League, Group C4"
0,16827,Albania,Kazakhstan,3,1,15 Nov 2020,"2020-21 UEFA Nations League, Group C4"
0,16826,Georgia,Armenia,1,2,15 Nov 2020,"2020-21 UEFA Nations League, Group C2"
0,16825,Bulgaria,Finland,1,2,15 Nov 2020,"2020-21 UEFA Nations League, Group B4"
0,16824,Wales,Rep. of Ireland,1,0,15 Nov 2020,"2020-21 UEFA Nations League, Group B4"
0,16823,Turkey,Russia,3,2,15 Nov 2020,"2020-21 UEFA Nations League, Group B3"
0,16822,Netherlands,Bosnia & Herzegovina,3,1,15 Nov 2020,"2020-21 UEFA Nations League, Group A1"
0,16821,North Macedonia,Estonia,2,1,15 Nov 2020,"2020-21 UEFA Nations League, Group C2"
0,16820,Slovakia,Scotland,1,0,15 Nov 2020,"2020-21 UEFA Nations League, Group B2"
0,16819,Portugal,France,0,1,14 Nov 2020,"2020-21 UEFA Nations League, Group A3"
0,16818,Sweden,Croatia,2,1,14 Nov 2020,"2020-21 UEFA Nations League, Group A3"
0,16817,Germany,Ukraine,3,1,14 Nov 2020,"2020-21 UEFA Nations League, Group A4"
0,16816,Switzerland,Spain,1,1,14 Nov 2020,"2020-21 UEFA Nations League, Group A4"
0,16815,Latvia,Faroe Islands,1,1,14 Nov 2020,"2020-21 UEFA Nations League, Group D1"
0,16814,Azerbaijan,Montenegro,0,0,14 Nov 2020,"2020-21 UEFA Nations League, Group C1"
0,16813,Cyprus,Luxembourg,2,1,14 Nov 2020,"2020-21 UEFA Nations League, Group C1"
0,16812,Malta,Andorra,3,1,14 Nov 2020,"2020-21 UEFA Nations League, Group D1"
0,16811,San Marino,Gibraltar,0,0,14 Nov 2020,"2020-21 UEFA Nations League, Group D2"
0,16810,England,Rep. of Ireland,3,0,12 Nov 2020,Friendly International
0,16809,Wales,United States,0,0,12 Nov 2020,Friendly International
0,16808,Hungary,Iceland,2,1,12 Nov 2020,UEFA Euro 2020 Qualifying
0,16807,Serbia,Scotland,1,1,12 Nov 2020,UEFA Euro 2020 Qualifying
0,16806,Northern Ireland,Slovakia,1,2,12 Nov 2020,UEFA Euro 2020 Qualifying
0,16805,Georgia,North Macedonia,0,1,12 Nov 2020,UEFA Euro 2020 Qualifying
0,16804,Moldova,Russia,0,0,12 Nov 2020,Friendly International
0,16803,Bosnia & Herzegovina,Iran,0,2,12 Nov 2020,Friendly International
0,16802,France,Finland,0,2,11 Nov 2020,Friendly International
0,16801,Slovenia,Azerbaijan,0,0,11 Nov 2020,Friendly International
0,16800,Belgium,Switzerland,2,1,11 Nov 2020,Friendly International
0,16799,Germany,Czech Republic,1,0,11 Nov 2020,Friendly International
0,16798,Italy,Estonia,4,0,11 Nov 2020,Friendly International
0,16797,Portugal,Andorra,7,0,11 Nov 2020,Friendly International
0,16796,Netherlands,Spain,1,1,11 Nov 2020,Friendly International
0,16795,Poland,Ukraine,2,0,11 Nov 2020,Friendly International
0,16794,Luxembourg,Austria,0,3,11 Nov 2020,Friendly International
0,16793,Denmark,Sweden,2,0,11 Nov 2020,Friendly International
0,16792,Turkey,Croatia,3,3,11 Nov 2020,Friendly International
0,16791,Bulgaria,Gibraltar,3,0,11 Nov 2020,Friendly International
0,16790,Romania,Belarus,5,3,11 Nov 2020,Friendly International
0,16789,Lithuania,Faroe Islands,2,1,11 Nov 2020,Friendly International
0,16788,Montenegro,Kazakhstan,0,0,11 Nov 2020,Friendly International
0,16787,San Marino,Latvia,0,3,11 Nov 2020,Friendly International
0,16786,Malta,Liechtenstein,3,0,11 Nov 2020,Friendly International
0,16785,Albania,Kosovo,2,1,11 Nov 2020,Friendly International
0,16784,Greece,Cyprus,2,1,11 Nov 2020,Friendly International
0,16783,Scotland,Czech Republic,1,0,14 Oct 2020,"2020-21 UEFA Nations League, Group B2"
0,16782,Norway,Northern Ireland,1,0,14 Oct 2020,"2020-21 UEFA Nations League, Group B1"
0,16781,Italy,Netherlands,1,1,14 Oct 2020,"2020-21 UEFA Nations League, Group A1"
0,16780,Poland,Bosnia & Herzegovina,3,0,14 Oct 2020,"2020-21 UEFA Nations League, Group A1"
0,16779,Romania,Austria,0,1,14 Oct 2020,"2020-21 UEFA Nations League, Group B1"
0,16778,England,Denmark,0,1,14 Oct 2020,"2020-21 UEFA Nations League, Group A2"
0,16777,Iceland,Belgium,1,2,14 Oct 2020,"2020-21 UEFA Nations League, Group A2"
0,16776,Croatia,France,1,2,14 Oct 2020,"2020-21 UEFA Nations League, Group A3"
0,16775,Portugal,Sweden,3,0,14 Oct 2020,"2020-21 UEFA Nations League, Group A3"
0,16774,Estonia,Armenia,1,1,14 Oct 2020,"2020-21 UEFA Nations League, Group C2"
0,16773,North Macedonia,Georgia,1,1,14 Oct 2020,"2020-21 UEFA Nations League, Group C2"
0,16772,Slovakia,Israel,2,3,14 Oct 2020,"2020-21 UEFA Nations League, Group B2"
0,16771,Russia,Hungary,0,0,14 Oct 2020,"2020-21 UEFA Nations League, Group B3"
0,16770,Turkey,Serbia,2,2,14 Oct 2020,"2020-21 UEFA Nations League, Group B3"
0,16769,Bulgaria,Wales,0,1,14 Oct 2020,"2020-21 UEFA Nations League, Group B4"
0,16768,Greece,Kosovo,0,0,14 Oct 2020,"2020-21 UEFA Nations League, Group C3"
0,16767,Moldova,Slovenia,0,4,14 Oct 2020,"2020-21 UEFA Nations League, Group C3"
0,16766,Belarus,Kazakhstan,2,0,14 Oct 2020,"2020-21 UEFA Nations League, Group C4"
0,16765,Finland,Rep. of Ireland,1,0,14 Oct 2020,"2020-21 UEFA Nations League, Group B4"
0,16764,Lithuania,Albania,0,0,14 Oct 2020,"2020-21 UEFA Nations League, Group C4"
0,16763,Faroe Islands,Andorra,2,0,13 Oct 2020,"2020-21 UEFA Nations League, Group D1"
0,16762,Liechtenstein,San Marino,0,0,13 Oct 2020,"2020-21 UEFA Nations League, Group D2"
0,16761,Montenegro,Luxembourg,1,2,13 Oct 2020,"2020-21 UEFA Nations League, Group C1"
0,16760,Germany,Switzerland,3,3,13 Oct 2020,"2020-21 UEFA Nations League, Group A4"
0,16759,Ukraine,Spain,1,0,13 Oct 2020,"2020-21 UEFA Nations League, Group A4"
0,16758,Latvia,Malta,0,1,13 Oct 2020,"2020-21 UEFA Nations League, Group D1"
0,16757,Azerbaijan,Cyprus,0,0,13 Oct 2020,"2020-21 UEFA Nations League, Group C1"
0,16756,Poland,Italy,0,0,11 Oct 2020,"2020-21 UEFA Nations League, Group A1"
0,16755,Northern Ireland,Austria,0,1,11 Oct 2020,"2020-21 UEFA Nations League, Group B1"
0,16754,Israel,Czech Republic,1,2,11 Oct 2020,"2020-21 UEFA Nations League, Group B2"
0,16753,Scotland,Slovakia,1,0,11 Oct 2020,"2020-21 UEFA Nations League, Group B2"
0,16752,Iceland,Denmark,0,3,11 Oct 2020,"2020-21 UEFA Nations League, Group A2"
0,16751,France,Portugal,0,0,11 Oct 2020,"2020-21 UEFA Nations League, Group A3"
0,16750,Russia,Turkey,1,1,11 Oct 2020,"2020-21 UEFA Nations League, Group B3"
0,16749,Serbia,Hungary,0,1,11 Oct 2020,"2020-21 UEFA Nations League, Group B3"
0,16748,Greece,Moldova,2,0,11 Oct 2020,"2020-21 UEFA Nations League, Group C3"
0,16747,Kosovo,Slovenia,0,1,11 Oct 2020,"2020-21 UEFA Nations League, Group C3"
0,16746,Armenia,Georgia,2,2,11 Oct 2020,"2020-21 UEFA Nations League, Group C2"
0,16745,Bosnia & Herzegovina,Netherlands,0,0,11 Oct 2020,"2020-21 UEFA Nations League, Group A1"
0,16744,Norway,Romania,4,0,11 Oct 2020,"2020-21 UEFA Nations League, Group B1"
0,16743,Estonia,North Macedonia,3,3,11 Oct 2020,"2020-21 UEFA Nations League, Group C2"
0,16742,England,Belgium,2,1,11 Oct 2020,"2020-21 UEFA Nations League, Group A2"
0,16741,Croatia,Sweden,2,1,11 Oct 2020,"2020-21 UEFA Nations League, Group A3"
0,16740,Finland,Bulgaria,2,0,11 Oct 2020,"2020-21 UEFA Nations League, Group B4"
0,16739,Lithuania,Belarus,2,2,11 Oct 2020,"2020-21 UEFA Nations League, Group C4"
0,16738,Rep. of Ireland,Wales,0,0,11 Oct 2020,"2020-21 UEFA Nations League, Group B4"
0,16737,Kazakhstan,Albania,0,0,11 Oct 2020,"2020-21 UEFA Nations League, Group C4"
0,16736,Andorra,Malta,0,0,10 Oct 2020,"2020-21 UEFA Nations League, Group D1"
0,16735,Spain,Switzerland,1,0,10 Oct 2020,"2020-21 UEFA Nations League, Group A4"
0,16734,Ukraine,Germany,1,2,10 Oct 2020,"2020-21 UEFA Nations League, Group A4"
0,16733,Faroe Islands,Latvia,1,1,10 Oct 2020,"2020-21 UEFA Nations League, Group D1"
0,16732,Liechtenstein,Gibraltar,0,1,10 Oct 2020,"2020-21 UEFA Nations League, Group D2"
0,16731,Luxembourg,Cyprus,2,0,10 Oct 2020,"2020-21 UEFA Nations League, Group C1"
0,16730,Montenegro,Azerbaijan,2,0,10 Oct 2020,"2020-21 UEFA Nations League, Group C1"
0,16729,England,Wales,3,0,08 Oct 2020,Friendly International
0,16728,North Macedonia,Kosovo,2,1,08 Oct 2020,UEFA Euro 2020 Qualifying
0,16727,Bulgaria,Hungary,1,3,08 Oct 2020,UEFA Euro 2020 Qualifying
0,16726,Iceland,Romania,2,1,08 Oct 2020,UEFA Euro 2020 Qualifying
0,16725,Belgium, CÃ´te d`Ivoire,1,1,08 Oct 2020,Friendly International
0,16724,Norway,Serbia,1,2,08 Oct 2020,UEFA Euro 2020 Qualifying
0,16723,Bosnia & Herzegovina,Northern Ireland,1,1,08 Oct 2020,UEFA Euro 2020 Qualifying
0,16722,Slovakia,Rep. of Ireland,0,0,08 Oct 2020,UEFA Euro 2020 Qualifying
0,16721,Scotland,Israel,0,0,08 Oct 2020,UEFA Euro 2020 Qualifying
0,16720,Russia,Sweden,1,2,08 Oct 2020,Friendly International
0,16719,Georgia,Belarus,1,0,08 Oct 2020,UEFA Euro 2020 Qualifying
0,16718,France,Ukraine,7,1,07 Oct 2020,Friendly International
0,16717,Italy,Moldova,6,0,07 Oct 2020,Friendly International
0,16716,Switzerland,Croatia,1,2,07 Oct 2020,Friendly International
0,16715,Andorra,Cape Verde,1,2,07 Oct 2020,Friendly International
0,16714,Portugal,Spain,0,0,07 Oct 2020,Friendly International
0,16713,Germany,Turkey,3,3,07 Oct 2020,Friendly International
0,16712,Netherlands,Mexico,0,1,07 Oct 2020,Friendly International
0,16711,Slovenia,San Marino,4,0,07 Oct 2020,Friendly International
0,16710,Poland,Finland,5,1,07 Oct 2020,Friendly International
0,16709,Austria,Greece,2,1,07 Oct 2020,Friendly International
0,16708,Luxembourg,Liechtenstein,1,2,07 Oct 2020,Friendly International
0,16707,Cyprus,Czech Republic,1,2,07 Oct 2020,Friendly International
0,16706,Denmark,Faroe Islands,4,0,07 Oct 2020,Friendly International
0,16705,Malta,Gibraltar,2,0,07 Oct 2020,Friendly International
0,16704,Montenegro,Latvia,1,1,07 Oct 2020,Friendly International
0,16703,Estonia,Lithuania,1,3,07 Oct 2020,Friendly International
0,16702,Belgium,Iceland,5,1,08 Sep 2020,"2020-21 UEFA Nations League, Group A2"
0,16701,Denmark,England,0,0,08 Sep 2020,"2020-21 UEFA Nations League, Group A2"
0,16700,France,Croatia,4,2,08 Sep 2020,"2020-21 UEFA Nations League, Group A3"
0,16699,Sweden,Portugal,0,2,08 Sep 2020,"2020-21 UEFA Nations League, Group A3"
0,16698,Cyprus,Azerbaijan,0,1,08 Sep 2020,"2020-21 UEFA Nations League, Group C1"
0,16697,Luxembourg,Montenegro,0,1,08 Sep 2020,"2020-21 UEFA Nations League, Group C1"
0,16696,San Marino,Liechtenstein,0,2,08 Sep 2020,"2020-21 UEFA Nations League, Group D2"
0,16695,Armenia,Estonia,2,0,08 Sep 2020,"2020-21 UEFA Nations League, Group C2"
0,16694,Georgia,North Macedonia,1,1,08 Sep 2020,"2020-21 UEFA Nations League, Group C2"
0,16693,Bosnia & Herzegovina,Poland,1,2,07 Sep 2020,"2020-21 UEFA Nations League, Group A1"
0,16692,Netherlands,Italy,0,1,07 Sep 2020,"2020-21 UEFA Nations League, Group A1"
0,16691,Austria,Romania,2,3,07 Sep 2020,"2020-21 UEFA Nations League, Group B1"
0,16690,Northern Ireland,Norway,1,5,07 Sep 2020,"2020-21 UEFA Nations League, Group B1"
0,16689,Czech Republic,Scotland,1,2,07 Sep 2020,"2020-21 UEFA Nations League, Group B2"
0,16688,Israel,Slovakia,1,1,07 Sep 2020,"2020-21 UEFA Nations League, Group B2"
0,16687,Albania,Lithuania,0,1,07 Sep 2020,"2020-21 UEFA Nations League, Group C4"
0,16686,Kazakhstan,Belarus,1,2,07 Sep 2020,"2020-21 UEFA Nations League, Group C4"
0,16685,Malta,Latvia,1,1,06 Sep 2020,"2020-21 UEFA Nations League, Group D1"
0,16684,Spain,Ukraine,4,0,06 Sep 2020,"2020-21 UEFA Nations League, Group A4"
0,16683,Switzerland,Germany,1,1,06 Sep 2020,"2020-21 UEFA Nations League, Group A4"
0,16682,Serbia,Turkey,0,0,06 Sep 2020,"2020-21 UEFA Nations League, Group B3"
0,16681,Kosovo,Greece,1,2,06 Sep 2020,"2020-21 UEFA Nations League, Group C3"
0,16680,Hungary,Russia,2,3,06 Sep 2020,"2020-21 UEFA Nations League, Group B3"
0,16679,Rep. of Ireland,Finland,0,1,06 Sep 2020,"2020-21 UEFA Nations League, Group B4"
0,16678,Slovenia,Moldova,1,0,06 Sep 2020,"2020-21 UEFA Nations League, Group C3"
0,16677,Andorra,Faroe Islands,0,1,06 Sep 2020,"2020-21 UEFA Nations League, Group D1"
0,16676,Wales,Bulgaria,1,0,06 Sep 2020,"2020-21 UEFA Nations League, Group B4"
0,16675,Denmark,Belgium,0,2,05 Sep 2020,"2020-21 UEFA Nations League, Group A2"
0,16674,Portugal,Croatia,4,1,05 Sep 2020,"2020-21 UEFA Nations League, Group A3"
0,16673,Sweden,France,0,1,05 Sep 2020,"2020-21 UEFA Nations League, Group A3"
0,16672,Iceland,England,0,1,05 Sep 2020,"2020-21 UEFA Nations League, Group A2"
0,16671,Azerbaijan,Luxembourg,1,2,05 Sep 2020,"2020-21 UEFA Nations League, Group C1"
0,16670,Cyprus,Montenegro,0,2,05 Sep 2020,"2020-21 UEFA Nations League, Group C1"
0,16669,Estonia,Georgia,0,1,05 Sep 2020,"2020-21 UEFA Nations League, Group C2"
0,16668,North Macedonia,Armenia,2,1,05 Sep 2020,"2020-21 UEFA Nations League, Group C2"
0,16667,Gibraltar,San Marino,1,0,05 Sep 2020,"2020-21 UEFA Nations League, Group D2"
0,16666,Italy,Bosnia & Herzegovina,1,1,04 Sep 2020,"2020-21 UEFA Nations League, Group A1"
0,16665,Netherlands,Poland,1,0,04 Sep 2020,"2020-21 UEFA Nations League, Group A1"
0,16664,Norway,Austria,1,2,04 Sep 2020,"2020-21 UEFA Nations League, Group B1"
0,16663,Romania,Northern Ireland,1,1,04 Sep 2020,"2020-21 UEFA Nations League, Group B1"
0,16662,Scotland,Israel,1,1,04 Sep 2020,"2020-21 UEFA Nations League, Group B2"
0,16661,Slovakia,Czech Republic,1,3,04 Sep 2020,"2020-21 UEFA Nations League, Group B2"
0,16660,Belarus,Albania,0,2,04 Sep 2020,"2020-21 UEFA Nations League, Group C4"
0,16659,Lithuania,Kazakhstan,0,2,04 Sep 2020,"2020-21 UEFA Nations League, Group C4"
0,16658,Faroe Islands,Malta,3,2,03 Sep 2020,"2020-21 UEFA Nations League, Group D1"
0,16657,Germany,Spain,1,1,03 Sep 2020,"2020-21 UEFA Nations League, Group A4"
0,16656,Ukraine,Switzerland,2,1,03 Sep 2020,"2020-21 UEFA Nations League, Group A4"
0,16655,Russia,Serbia,3,1,03 Sep 2020,"2020-21 UEFA Nations League, Group B3"
0,16654,Turkey,Hungary,0,1,03 Sep 2020,"2020-21 UEFA Nations League, Group B3"
0,16653,Bulgaria,Rep. of Ireland,1,1,03 Sep 2020,"2020-21 UEFA Nations League, Group B4"
0,16652,Finland,Wales,0,1,03 Sep 2020,"2020-21 UEFA Nations League, Group B4"
0,16651,Moldova,Kosovo,1,1,03 Sep 2020,"2020-21 UEFA Nations League, Group C3"
0,16650,Slovenia,Greece,0,0,03 Sep 2020,"2020-21 UEFA Nations League, Group C3"
0,16649,Latvia,Andorra,0,0,03 Sep 2020,"2020-21 UEFA Nations League, Group D1"
0,16648,Bulgaria,Belarus,0,1,26 Feb 2020,Friendly International
0,16647,Uzbekistan,Belarus,0,1,23 Feb 2020,Friendly International
0,16646,El Salvador,Iceland,0,1,19 Jan 2020,Friendly International
0,16645,Canada,Iceland,0,1,15 Jan 2020,Friendly International
0,16644,Kosovo,Sweden,0,1,12 Jan 2020,Friendly International
0,16643,Moldova,Sweden,0,1,09 Jan 2020,Friendly International
0,16642,Germany,Northern Ireland,6,1,19 Nov 2019,"UEFA Euro 2020 Qualifying, Group C"
0,16641,Netherlands,Estonia,5,0,19 Nov 2019,"UEFA Euro 2020 Qualifying, Group C"
0,16640,Wales,Hungary,2,0,19 Nov 2019,"UEFA Euro 2020 Qualifying, Group E"
0,16639,Slovakia,Azerbaijan,2,0,19 Nov 2019,"UEFA Euro 2020 Qualifying, Group E"
0,16638,Poland,Slovenia,3,2,19 Nov 2019,"UEFA Euro 2020 Qualifying, Group G"
0,16637,Latvia,Austria,1,0,19 Nov 2019,"UEFA Euro 2020 Qualifying, Group G"
0,16636,North Macedonia,Israel,1,0,19 Nov 2019,"UEFA Euro 2020 Qualifying, Group G"
0,16635,Belgium,Cyprus,6,1,19 Nov 2019,"UEFA Euro 2020 Qualifying, Group I"
0,16634,San Marino,Russia,0,5,19 Nov 2019,"UEFA Euro 2020 Qualifying, Group I"
0,16633,Scotland,Kazakhstan,3,1,19 Nov 2019,"UEFA Euro 2020 Qualifying, Group I"
0,16632,Montenegro,Belarus,2,0,19 Nov 2019,Friendly International
0,16631,Croatia,Georgia,2,1,19 Nov 2019,Friendly International
